id,geo_id,vaccine_id,FirstDose,SecondDose,NumberDosesReceived,week_start
1,2,3,0,0,10725,2020-12-18
2,4,3,0,0,9750,2020-12-18
3,5,3,1257,0,11700,2020-12-18
4,6,3,23716,0,151125,2020-12-18
5,9,3,3,0,9750,2020-12-18
6,10,3,240,0,9750,2020-12-18
7,13,1,0,0,NULL,2020-12-18
8,13,3,24,0,9750,2020-12-18
9,13,4,0,0,NULL,2020-12-18
10,13,6,0,0,NULL,2020-12-18
11,14,1,0,0,0,2020-12-18
12,14,3,0,0,52650,2020-12-18
13,14,4,0,0,0,2020-12-18
14,14,6,0,0,NULL,2020-12-18
15,15,3,0,0,9750,2020-12-18
16,16,3,1097,0,9750,2020-12-18
17,17,3,0,0,9750,2020-12-18
18,19,3,7012,0,9750,2020-12-18
19,20,3,2418,0,2418,2020-12-18
20,20,4,0,0,0,2020-12-18
21,21,3,0,0,9750,2020-12-18
22,22,3,0,0,11700,2020-12-18
23,23,3,57,0,NULL,2020-12-18
24,24,1,0,0,0,2020-12-18
25,24,3,0,0,11700,2020-12-18
26,24,4,0,0,0,2020-12-18
27,24,6,0,0,0,2020-12-18
28,25,6,5,0,9750,2020-12-18
29,26,1,0,0,0,2020-12-18
30,26,3,2213,0,9750,2020-12-18
31,26,4,0,0,0,2020-12-18
32,27,3,4968,0,0,2020-12-18
33,29,3,1963,0,9750,2020-12-18
34,30,3,6011,0,11700,2020-12-18
35,0,1,0,0,0,2020-12-25
36,0,3,4969,0,61425,2020-12-25
37,0,4,0,0,0,2020-12-25
38,1,3,794,0,9750,2020-12-25
39,2,3,4739,0,0,2020-12-25
40,2,4,0,0,0,2020-12-25
41,4,3,2976,0,6825,2020-12-25
42,5,3,12970,0,23400,2020-12-25
43,6,3,260079,0,1174875,2020-12-25
44,7,3,46761,0,53255,2020-12-25
45,9,3,16,0,0,2020-12-25
46,10,3,3627,0,83850,2020-12-25
47,11,3,96455,0,382200,2020-12-25
48,13,1,0,0,NULL,2020-12-25
49,13,3,5513,0,36075,2020-12-25
50,13,4,0,0,NULL,2020-12-25
51,13,6,0,0,NULL,2020-12-25
52,14,1,0,0,0,2020-12-25
53,14,3,566,0,459225,2020-12-25
54,14,4,0,0,0,2020-12-25
55,14,6,0,0,NULL,2020-12-25
56,15,3,11529,3,7800,2020-12-25
57,15,6,601,0,NULL,2020-12-25
58,16,3,10759,0,69225,2020-12-25
59,16,5,0,0,6000,2020-12-25
60,17,3,2045,0,31200,2020-12-25
61,18,3,4953,0,11700,2020-12-25
62,19,3,116267,0,469950,2020-12-25
63,20,3,7328,0,7328,2020-12-25
64,20,4,0,0,0,2020-12-25
65,21,3,1251,0,0,2020-12-25
66,22,3,2257,0,0,2020-12-25
67,23,3,1602,3,NULL,2020-12-25
68,24,1,0,0,0,2020-12-25
69,24,3,0,0,186030,2020-12-25
70,24,4,0,0,0,2020-12-25
71,24,6,0,0,0,2020-12-25
72,25,6,2168,0,34125,2020-12-25
73,26,1,0,0,0,2020-12-25
74,26,3,49996,4,333060,2020-12-25
75,26,4,0,0,0,2020-12-25
76,27,3,28527,1,79950,2020-12-25
77,29,3,12479,0,78000,2020-12-25
78,30,3,6091,0,8190,2020-12-25
79,0,1,0,0,0,2021-01-01
80,0,3,25158,0,61425,2021-01-01
81,0,4,0,0,0,2021-01-01
82,1,3,26533,0,162825,2021-01-01
83,2,3,8734,0,27885,2021-01-01
84,2,4,0,0,0,2021-01-01
85,4,3,3074,0,6825,2021-01-01
86,5,3,35591,0,83070,2021-01-01
87,6,3,370016,0,687375,2021-01-01
88,7,3,65580,0,47775,2021-01-01
89,9,3,100,0,9750,2021-01-01
90,10,3,40880,1,83850,2021-01-01
91,11,3,321408,0,367575,2021-01-01
92,13,1,0,0,NULL,2021-01-01
93,13,3,15241,0,45825,2021-01-01
94,13,4,1,0,NULL,2021-01-01
95,13,6,0,0,NULL,2021-01-01
96,14,1,0,0,0,2021-01-01
97,14,3,98285,0,491400,2021-01-01
98,14,4,0,0,0,2021-01-01
99,14,6,0,0,NULL,2021-01-01
100,15,3,16815,17,17550,2021-01-01
101,15,6,443,2,NULL,2021-01-01
102,16,3,60169,1,78975,2021-01-01
103,17,3,48372,2,40950,2021-01-01
104,19,3,542337,0,419250,2021-01-01
105,19,4,0,0,0,2021-01-01
106,20,3,13709,0,13709,2021-01-01
107,20,4,0,0,0,2021-01-01
108,21,3,455,0,0,2021-01-01
109,22,3,4717,0,16380,2021-01-01
110,23,3,3141,2,NULL,2021-01-01
111,24,1,0,0,0,2021-01-01
112,24,3,33932,0,148590,2021-01-01
113,24,4,0,0,0,2021-01-01
114,24,6,0,0,0,2021-01-01
115,25,6,20785,0,44850,2021-01-01
116,26,1,0,0,0,2021-01-01
117,26,3,161016,20,354510,2021-01-01
118,26,4,0,0,0,2021-01-01
119,27,3,43937,5,79950,2021-01-01
120,29,3,34109,0,87750,2021-01-01
121,30,3,17610,1,19890,2021-01-01
122,31,1,0,0,0,2021-01-01
123,31,3,25356,0,85800,2021-01-01
124,31,4,0,0,0,2021-01-01
125,0,1,0,0,0,2021-01-08
126,0,3,80311,367,61425,2021-01-08
127,0,4,77,0,0,2021-01-08
128,1,3,97386,0,97500,2021-01-08
129,1,4,3,0,8400,2021-01-08
130,2,3,4386,103,0,2021-01-08
131,2,4,491,0,2400,2021-01-08
132,4,3,4394,329,6825,2021-01-08
133,4,4,0,0,1200,2021-01-08
134,5,3,69403,634,85410,2021-01-08
135,5,4,2400,0,8400,2021-01-08
136,6,3,512832,14693,0,2021-01-08
137,6,4,14165,0,63600,2021-01-08
138,7,3,53421,738,67860,2021-01-08
139,7,4,1104,0,2160,2021-01-08
140,9,3,297,67,9750,2021-01-08
141,9,4,0,0,1200,2021-01-08
142,10,3,36554,4,83850,2021-01-08
143,10,4,0,0,8400,2021-01-08
144,11,3,494960,2024,306150,2021-01-08
145,11,4,7210,0,35700,2021-01-08
146,13,1,0,0,NULL,2021-01-08
147,13,3,39764,1,45825,2021-01-08
148,13,4,0,0,4800,2021-01-08
149,13,6,0,0,NULL,2021-01-08
150,14,1,0,0,0,2021-01-08
151,14,3,334782,607,524550,2021-01-08
152,14,4,545,0,51600,2021-01-08
153,14,6,0,0,NULL,2021-01-08
154,15,3,15660,22,17550,2021-01-08
155,15,4,1256,0,3600,2021-01-08
156,15,6,271,0,NULL,2021-01-08
157,16,3,47975,698,94770,2021-01-08
158,16,4,3084,0,7200,2021-01-08
159,17,3,46595,6,58500,2021-01-08
160,17,4,1907,0,3600,2021-01-08
161,18,4,1261,0,1200,2021-01-08
162,19,3,529142,3017,510900,2021-01-08
163,19,4,2300,0,46800,2021-01-08
164,20,3,25694,1088,26782,2021-01-08
165,20,4,1021,0,1021,2021-01-08
166,21,3,2053,0,4875,2021-01-08
167,21,4,0,0,1200,2021-01-08
168,22,3,8035,0,8190,2021-01-08
169,22,4,942,0,1200,2021-01-08
170,23,3,6755,53,NULL,2021-01-08
171,24,1,0,0,0,2021-01-08
172,24,3,43735,0,184860,2021-01-08
173,24,4,0,0,13200,2021-01-08
174,24,6,0,0,0,2021-01-08
175,25,6,27857,5,56250,2021-01-08
176,26,1,0,0,0,2021-01-08
177,26,3,272819,675,354510,2021-01-08
178,26,4,1,0,28800,2021-01-08
179,27,3,47940,1162,79950,2021-01-08
180,27,4,1458,0,8400,2021-01-08
181,29,3,73965,26,89700,2021-01-08
182,29,4,85,0,10800,2021-01-08
183,30,3,18651,135,19890,2021-01-08
184,30,6,1,0,NULL,2021-01-08
185,31,1,0,0,0,2021-01-08
186,31,3,38097,0,42900,2021-01-08
187,31,4,0,0,4800,2021-01-08
188,0,1,0,0,0,2021-01-15
189,0,3,90480,4343,58500,2021-01-15
190,0,4,203,0,7200,2021-01-15
191,1,3,115828,752,86580,2021-01-15
192,1,4,4374,0,0,2021-01-15
193,2,3,2831,4507,18720,2021-01-15
194,2,4,352,0,0,2021-01-15
195,4,3,4700,2458,2430,2021-01-15
196,4,4,210,0,0,2021-01-15
197,5,3,70302,11610,94770,2021-01-15
198,5,4,3833,0,0,2021-01-15
199,6,3,429797,233129,842400,2021-01-15
200,6,4,7921,0,0,2021-01-15
201,7,3,9982,28277,32760,2021-01-15
202,7,4,1586,1,0,2021-01-15
203,9,3,2598,2342,8190,2021-01-15
204,9,4,6,0,0,2021-01-15
205,10,3,77532,3140,49140,2021-01-15
206,11,3,232383,87199,205725,2021-01-15
207,11,4,18240,0,NULL,2021-01-15
208,13,1,0,0,NULL,2021-01-15
209,13,3,50504,4843,43290,2021-01-15
210,13,4,913,0,NULL,2021-01-15
211,13,6,0,0,NULL,2021-01-15
212,14,1,0,0,0,2021-01-15
213,14,3,637994,550,379080,2021-01-15
214,14,4,23574,0,0,2021-01-15
215,14,6,0,0,NULL,2021-01-15
216,15,3,12111,8727,21060,2021-01-15
217,15,4,1007,0,NULL,2021-01-15
218,15,6,229,257,NULL,2021-01-15
219,16,3,21942,10766,71370,2021-01-15
220,16,4,88,9,0,2021-01-15
221,17,3,44320,3774,24570,2021-01-15
222,17,4,7,0,0,2021-01-15
223,18,3,4296,4796,3510,2021-01-15
224,19,1,0,0,0,2021-01-15
225,19,3,117412,107203,397800,2021-01-15
226,19,4,12903,0,0,2021-01-15
227,20,3,6602,7933,14535,2021-01-15
228,20,4,1326,0,1326,2021-01-15
229,21,3,2340,1244,4875,2021-01-15
230,21,4,371,0,0,2021-01-15
231,22,3,719,2156,0,2021-01-15
232,22,4,235,0,0,2021-01-15
233,23,3,7729,1009,NULL,2021-01-15
234,24,1,0,0,0,2021-01-15
235,24,3,86562,0,92430,2021-01-15
236,24,4,0,0,0,2021-01-15
237,24,6,0,0,0,2021-01-15
238,25,6,26823,1898,43290,2021-01-15
239,26,1,0,0,0,2021-01-15
240,26,3,195774,47652,176670,2021-01-15
241,26,4,2,0,42000,2021-01-15
242,27,1,1,0,0,2021-01-15
243,27,3,119835,30622,47970,2021-01-15
244,27,4,1506,1,0,2021-01-15
245,29,3,97671,9874,66300,2021-01-15
246,29,4,5069,0,0,2021-01-15
247,30,3,4010,10162,9360,2021-01-15
248,30,4,512,0,1200,2021-01-15
249,31,1,0,0,0,2021-01-15
250,31,3,36478,2688,46800,2021-01-15
251,31,4,0,0,0,2021-01-15
252,0,1,0,0,0,2021-01-22
253,0,3,26618,16866,54990,2021-01-22
254,0,4,3695,0,0,2021-01-22
255,1,3,63325,24407,78390,2021-01-22
256,1,4,1667,0,13200,2021-01-22
257,2,3,6298,8474,14040,2021-01-22
258,2,4,210,0,3600,2021-01-22
259,4,3,4213,3082,8190,2021-01-22
260,4,4,140,0,1200,2021-01-22
261,5,3,42599,27467,73710,2021-01-22
262,5,4,1046,0,0,2021-01-22
263,6,3,330076,331650,489060,2021-01-22
264,6,4,14074,0,90000,2021-01-22
265,7,3,4584,61011,73710,2021-01-22
266,7,4,4,2,0,2021-01-22
267,9,3,8187,8035,11700,2021-01-22
268,9,4,4,0,1200,2021-01-22
269,10,3,75574,35789,104130,2021-01-22
270,11,3,83032,285297,422370,2021-01-22
271,11,4,3804,0,NULL,2021-01-22
272,13,1,0,0,NULL,2021-01-22
273,13,3,37189,14124,40950,2021-01-22
274,13,4,2361,0,6000,2021-01-22
275,13,6,0,0,NULL,2021-01-22
276,14,1,0,0,0,2021-01-22
277,14,3,504617,54666,561600,2021-01-22
278,14,4,18170,0,74600,2021-01-22
279,14,6,0,0,NULL,2021-01-22
280,15,1,2,0,NULL,2021-01-22
281,15,3,2520,12266,11700,2021-01-22
282,15,4,83,0,4800,2021-01-22
283,15,6,121,244,NULL,2021-01-22
284,16,3,88835,58141,72540,2021-01-22
285,16,4,254,26,10800,2021-01-22
286,17,3,5715,46021,32760,2021-01-22
287,17,4,0,0,6000,2021-01-22
288,18,3,245,32,3510,2021-01-22
289,18,4,0,0,1200,2021-01-22
290,19,3,25794,527381,465660,2021-01-22
291,19,4,4096,0,0,2021-01-22
292,20,3,12800,12316,25116,2021-01-22
293,20,4,1,0,1,2021-01-22
294,21,3,4068,435,2340,2021-01-22
295,21,4,212,0,1200,2021-01-22
296,22,3,193,4501,0,2021-01-22
297,22,4,22,0,2400,2021-01-22
298,23,3,5228,2538,NULL,2021-01-22
299,24,1,0,0,0,2021-01-22
300,24,3,155503,15943,191880,2021-01-22
301,24,4,8517,0,19200,2021-01-22
302,24,6,0,0,0,2021-01-22
303,25,6,27352,17707,43440,2021-01-22
304,26,1,0,0,0,2021-01-22
305,26,3,312650,154763,365040,2021-01-22
306,26,4,4381,0,0,2021-01-22
307,27,3,41214,41322,99450,2021-01-22
308,27,4,505,0,10800,2021-01-22
309,28,3,586514,106470,926370,2021-01-22
310,28,4,0,0,36000,2021-01-22
311,29,3,60552,24802,67275,2021-01-22
312,29,4,2748,0,0,2021-01-22
313,30,3,1445,16018,19890,2021-01-22
314,31,1,0,0,0,2021-01-22
315,31,3,39678,6848,31590,2021-01-22
316,31,4,70,0,6000,2021-01-22
317,0,1,0,0,36000,2021-01-29
318,0,3,16379,74523,66690,2021-01-29
319,0,4,1512,1,28800,2021-01-29
320,1,1,0,0,48000,2021-01-29
321,1,3,33907,92201,97110,2021-01-29
322,1,4,9544,10,25200,2021-01-29
323,2,1,10,0,28800,2021-01-29
324,2,3,10443,4306,17550,2021-01-29
325,2,4,1152,2,0,2021-01-29
326,4,3,3432,4356,4770,2021-01-29
327,5,3,20120,57202,76050,2021-01-29
328,5,4,4129,0,13100,2021-01-29
329,6,3,348190,449618,747630,2021-01-29
330,6,4,25139,0,0,2021-01-29
331,7,3,7017,52262,53820,2021-01-29
332,7,4,3373,2,8640,2021-01-29
333,9,3,7519,7207,10530,2021-01-29
334,9,4,52,0,2400,2021-01-29
335,10,3,84785,41095,91260,2021-01-29
336,10,4,0,0,12000,2021-01-29
337,11,3,52238,440120,400140,2021-01-29
338,11,4,20031,0,156300,2021-01-29
339,13,1,0,0,24000,2021-01-29
340,13,3,21601,32664,47970,2021-01-29
341,13,4,830,0,NULL,2021-01-29
342,13,6,0,0,NULL,2021-01-29
343,14,1,1578,0,273600,2021-01-29
344,14,3,337710,227443,560430,2021-01-29
345,14,4,23728,4,147500,2021-01-29
346,14,6,0,0,NULL,2021-01-29
347,15,3,3091,12078,18720,2021-01-29
348,15,4,434,0,8400,2021-01-29
349,15,6,49,140,NULL,2021-01-29
350,16,1,0,0,40800,2021-01-29
351,16,3,33345,49807,85410,2021-01-29
352,16,4,10859,297,0,2021-01-29
353,16,5,0,0,40000,2021-01-29
354,17,1,1,0,21600,2021-01-29
355,17,3,8160,43049,43290,2021-01-29
356,17,4,0,0,0,2021-01-29
357,18,1,0,0,1200,2021-01-29
358,18,3,2078,35,2340,2021-01-29
359,19,1,0,0,0,2021-01-29
360,19,3,63130,523525,510120,2021-01-29
361,19,4,10393,0,66000,2021-01-29
362,20,3,5205,23913,29118,2021-01-29
363,20,4,1668,0,1668,2021-01-29
364,21,1,0,0,2400,2021-01-29
365,21,3,2567,2008,4680,2021-01-29
366,21,4,625,0,1200,2021-01-29
367,22,1,0,0,7200,2021-01-29
368,22,3,162,7776,0,2021-01-29
369,22,4,537,0,0,2021-01-29
370,23,3,7290,5818,NULL,2021-01-29
371,23,4,46,3,NULL,2021-01-29
372,24,1,0,0,79200,2021-01-29
373,24,3,168961,50335,159120,2021-01-29
374,24,4,10002,0,0,2021-01-29
375,24,6,0,0,0,2021-01-29
376,25,6,66276,25496,80400,2021-01-29
377,26,1,0,0,124800,2021-01-29
378,26,3,236206,253571,321750,2021-01-29
379,26,4,4795,0,0,2021-01-29
380,27,1,5,0,43200,2021-01-29
381,27,3,14602,37240,86580,2021-01-29
382,27,4,6717,0,0,2021-01-29
383,28,3,38688,93998,163800,2021-01-29
384,28,4,31625,0,42000,2021-01-29
385,29,1,0,0,NULL,2021-01-29
386,29,3,40044,54226,94770,2021-01-29
387,29,4,4144,0,15600,2021-01-29
388,30,3,871,18213,17550,2021-01-29
389,30,4,419,0,7200,2021-01-29
390,30,6,0,1,NULL,2021-01-29
391,31,1,0,0,21600,2021-01-29
392,31,3,44957,21596,45630,2021-01-29
393,31,4,1599,0,0,2021-01-29
394,0,1,10203,0,43200,2021-02-05
395,0,3,13094,84216,66690,2021-02-05
396,0,4,3826,79,0,2021-02-05
397,1,1,303,0,57600,2021-02-05
398,1,3,22653,110725,98280,2021-02-05
399,1,4,9188,11,0,2021-02-05
400,2,1,2025,0,31200,2021-02-05
401,2,3,12340,2859,39780,2021-02-05
402,2,4,679,447,6000,2021-02-05
403,4,1,581,0,7200,2021-02-05
404,4,3,6058,4612,4680,2021-02-05
405,5,1,1247,0,40800,2021-02-05
406,5,3,20145,69031,77220,2021-02-05
407,5,4,8553,2020,22900,2021-02-05
408,6,1,54909,0,736800,2021-02-05
409,6,3,368626,405358,747630,2021-02-05
410,6,4,21675,12311,0,2021-02-05
411,7,1,16203,0,47880,2021-02-05
412,7,3,17992,26867,56160,2021-02-05
413,7,4,5797,869,2160,2021-02-05
414,9,1,0,0,16800,2021-02-05
415,9,3,5036,4711,10530,2021-02-05
416,9,4,26,1,0,2021-02-05
417,10,1,1,0,96000,2021-02-05
418,10,3,53083,75295,91260,2021-02-05
419,10,4,1,0,24000,2021-02-05
420,11,1,33986,0,292500,2021-02-05
421,11,3,112107,276165,400140,2021-02-05
422,11,4,42282,6276,NULL,2021-02-05
423,13,1,3902,0,26400,2021-02-05
424,13,3,33969,16168,47970,2021-02-05
425,13,4,1059,0,12000,2021-02-05
426,13,6,0,0,NULL,2021-02-05
427,14,1,47751,0,316800,2021-02-05
428,14,3,269127,419948,566280,2021-02-05
429,14,4,47831,621,0,2021-02-05
430,14,6,0,0,NULL,2021-02-05
431,15,1,3114,1,38400,2021-02-05
432,15,3,6906,11748,18720,2021-02-05
433,15,4,3241,1288,NULL,2021-02-05
434,15,6,158,127,NULL,2021-02-05
435,16,1,19979,179,45600,2021-02-05
436,16,3,34994,22624,85410,2021-02-05
437,16,4,242,2727,21600,2021-02-05
438,16,5,2429,0,0,2021-02-05
439,17,1,16458,1,24000,2021-02-05
440,17,3,10603,871,43290,2021-02-05
441,17,4,33,2350,10800,2021-02-05
442,18,1,1209,0,2400,2021-02-05
443,18,3,0,11,2340,2021-02-05
444,18,4,51,883,1200,2021-02-05
445,19,1,19638,0,542400,2021-02-05
446,19,3,252223,136094,510120,2021-02-05
447,19,4,18188,2216,132000,2021-02-05
448,20,1,7386,0,7386,2021-02-05
449,20,3,11665,6969,18634,2021-02-05
450,20,4,646,1063,1709,2021-02-05
451,21,1,1618,0,4800,2021-02-05
452,21,3,1389,1950,4680,2021-02-05
453,21,4,313,0,0,2021-02-05
454,22,1,2903,0,9600,2021-02-05
455,22,3,345,919,0,2021-02-05
456,22,4,70,907,3600,2021-02-05
457,23,1,162,0,NULL,2021-02-05
458,23,3,5737,6451,NULL,2021-02-05
459,23,4,382,9,NULL,2021-02-05
460,24,1,545,0,95040,2021-02-05
461,24,3,121832,87256,159120,2021-02-05
462,24,4,3692,0,38400,2021-02-05
463,24,6,52,10,0,2021-02-05
464,25,6,55672,24016,70800,2021-02-05
465,26,1,21350,0,146400,2021-02-05
466,26,3,238506,199091,321750,2021-02-05
467,26,4,12642,2,82000,2021-02-05
468,27,1,9351,0,48000,2021-02-05
469,27,3,28175,97258,87750,2021-02-05
470,27,4,1561,1028,22800,2021-02-05
471,28,1,0,0,174000,2021-02-05
472,28,3,3701,229471,224640,2021-02-05
473,28,4,26660,1,0,2021-02-05
474,29,1,8710,0,45600,2021-02-05
475,29,3,27447,67648,94770,2021-02-05
476,29,4,10626,87,31200,2021-02-05
477,30,1,2101,0,19200,2021-02-05
478,30,3,12360,4391,17550,2021-02-05
479,30,4,2854,1,0,2021-02-05
480,30,6,1,1,NULL,2021-02-05
481,31,1,11815,0,28800,2021-02-05
482,31,3,34175,31550,45630,2021-02-05
483,31,4,4657,0,12000,2021-02-05
484,0,1,31371,2,76800,2021-02-12
485,0,3,25883,38178,80730,2021-02-12
486,0,4,3833,195,0,2021-02-12
487,1,1,10159,0,96000,2021-02-12
488,1,3,36880,62021,117000,2021-02-12
489,1,4,804,3416,0,2021-02-12
490,2,1,26911,1,57600,2021-02-12
491,2,3,7991,5949,0,2021-02-12
492,2,4,2785,328,0,2021-02-12
493,4,1,4705,0,0,2021-02-12
494,4,3,4073,4175,9360,2021-02-12
495,4,4,111,209,2400,2021-02-12
496,5,1,8283,0,36000,2021-02-12
497,5,3,36078,40162,91260,2021-02-12
498,5,4,6864,3513,0,2021-02-12
499,6,1,141913,0,715200,2021-02-12
500,6,3,401298,325496,904410,2021-02-12
501,6,4,26899,13036,182400,2021-02-12
502,7,1,24112,0,47880,2021-02-12
503,7,3,59485,6033,65520,2021-02-12
504,7,4,969,1107,0,2021-02-12
505,9,1,7742,0,16800,2021-02-12
506,9,3,4219,3788,12870,2021-02-12
507,9,4,242,233,0,2021-02-12
508,10,1,41400,0,88800,2021-02-12
509,10,3,40760,74965,120510,2021-02-12
510,10,4,15761,0,0,2021-02-12
511,11,1,94911,0,396800,2021-02-12
512,11,3,282917,98058,483210,2021-02-12
513,11,4,23239,15759,NULL,2021-02-12
514,13,1,19926,2,45600,2021-02-12
515,13,3,52773,6148,60840,2021-02-12
516,13,4,4190,1,NULL,2021-02-12
517,13,6,0,0,NULL,2021-02-12
518,14,1,63368,0,547200,2021-02-12
519,14,3,195125,496559,684450,2021-02-12
520,14,4,24345,22568,0,2021-02-12
521,14,6,0,0,NULL,2021-02-12
522,15,1,13808,5,33600,2021-02-12
523,15,3,14054,3335,22230,2021-02-12
524,15,4,3575,846,NULL,2021-02-12
525,15,6,696,115,NULL,2021-02-12
526,16,1,23168,317,83500,2021-02-12
527,16,2,0,0,550000,2021-02-12
528,16,3,53058,85306,102960,2021-02-12
529,16,4,3498,375,0,2021-02-12
530,16,5,16164,35,0,2021-02-12
531,17,1,19931,3,40800,2021-02-12
532,17,3,19305,41128,53820,2021-02-12
533,17,4,1201,0,0,2021-02-12
534,18,1,1508,0,2400,2021-02-12
535,18,3,266,4437,3510,2021-02-12
536,18,4,1338,366,0,2021-02-12
537,19,1,93080,0,506400,2021-02-12
538,19,3,349831,26737,621270,2021-02-12
539,19,4,30777,12668,0,2021-02-12
540,20,1,7260,0,7260,2021-02-12
541,20,3,13148,11456,24604,2021-02-12
542,20,4,2453,1178,3631,2021-02-12
543,21,1,3391,0,4800,2021-02-12
544,21,3,2598,1715,5850,2021-02-12
545,21,4,11,366,0,2021-02-12
546,22,1,7410,0,16800,2021-02-12
547,22,3,18,295,0,2021-02-12
548,22,4,721,231,0,2021-02-12
549,23,1,1619,1,NULL,2021-02-12
550,23,3,5953,4463,NULL,2021-02-12
551,23,4,353,2,NULL,2021-02-12
552,24,1,56839,0,161040,2021-02-12
553,24,3,98840,63465,193050,2021-02-12
554,24,4,11802,0,0,2021-02-12
555,24,6,69,37,0,2021-02-12
556,25,6,55915,27777,100470,2021-02-12
557,26,1,106531,21,249600,2021-02-12
558,26,3,152074,284363,387270,2021-02-12
559,26,4,45526,48,0,2021-02-12
560,27,1,40996,5,86400,2021-02-12
561,27,3,49570,47606,104130,2021-02-12
562,27,4,9528,1638,0,2021-02-12
563,28,1,63368,0,163200,2021-02-12
564,28,3,35476,146980,135720,2021-02-12
565,28,4,19310,0,0,2021-02-12
566,29,1,27115,12,54600,2021-02-12
567,29,3,32715,77894,115830,2021-02-12
568,29,4,11292,4185,0,2021-02-12
569,30,1,4005,0,16800,2021-02-12
570,30,3,18730,1538,21060,2021-02-12
571,30,4,240,490,0,2021-02-12
572,31,1,16096,0,45600,2021-02-12
573,31,3,13290,32927,56160,2021-02-12
574,31,4,11487,0,0,2021-02-12
575,0,1,55518,4,0,2021-02-19
576,0,3,42652,16344,84240,2021-02-19
577,0,4,4312,3517,37200,2021-02-19
578,1,1,34049,0,88800,2021-02-19
579,1,3,54084,32658,120510,2021-02-19
580,1,4,473,1908,48000,2021-02-19
581,2,1,68678,5,52800,2021-02-19
582,2,3,10204,10176,25740,2021-02-19
583,2,4,3804,225,12000,2021-02-19
584,4,1,11992,0,14400,2021-02-19
585,4,3,4251,3454,11700,2021-02-19
586,4,4,4,205,3600,2021-02-19
587,5,1,15783,0,33900,2021-02-19
588,5,3,55372,29251,93600,2021-02-19
589,5,4,4023,1334,35900,2021-02-19
590,6,1,283391,0,0,2021-02-19
591,6,3,463200,336833,926640,2021-02-19
592,6,4,33025,9636,343200,2021-02-19
593,7,1,44474,0,0,2021-02-19
594,7,3,64356,8993,67860,2021-02-19
595,7,4,993,618,10800,2021-02-19
596,9,1,11940,0,0,2021-02-19
597,9,3,7329,7089,14040,2021-02-19
598,9,4,704,573,6000,2021-02-19
599,10,1,44299,0,0,2021-02-19
600,10,3,38496,84137,112320,2021-02-19
601,10,4,21525,0,44400,2021-02-19
602,11,1,242316,0,NULL,2021-02-19
603,11,3,443992,56247,496080,2021-02-19
604,11,4,10139,3511,195600,2021-02-19
605,13,1,31465,3,43200,2021-02-19
606,13,3,53581,8377,59670,2021-02-19
607,13,4,8285,2,22600,2021-02-19
608,13,6,0,0,NULL,2021-02-19
609,14,1,171956,0,0,2021-02-19
610,14,3,207568,393603,702000,2021-02-19
611,14,4,23119,18318,277200,2021-02-19
612,14,6,0,0,NULL,2021-02-19
613,15,1,37102,56,NULL,2021-02-19
614,15,3,16232,1740,23400,2021-02-19
615,15,4,1025,57,16800,2021-02-19
616,15,6,705,10,NULL,2021-02-19
617,16,1,41117,422,74400,2021-02-19
618,16,2,159956,1267,0,2021-02-19
619,16,3,54020,33996,104130,2021-02-19
620,16,4,1184,167,40800,2021-02-19
621,16,5,918,1,0,2021-02-19
622,17,1,33364,2,0,2021-02-19
623,17,3,39661,8380,0,2021-02-19
624,17,4,3957,1,20400,2021-02-19
625,18,1,2438,0,2400,2021-02-19
626,18,3,1428,2105,4650,2021-02-19
627,18,4,0,0,1200,2021-02-19
628,19,1,209871,0,463200,2021-02-19
629,19,3,467231,58863,631800,2021-02-19
630,19,4,32867,3892,70800,2021-02-19
631,20,1,15856,0,15856,2021-02-19
632,20,3,23846,5626,29472,2021-02-19
633,20,4,2921,5,2926,2021-02-19
634,21,1,964,0,0,2021-02-19
635,21,3,2554,2766,7020,2021-02-19
636,21,4,314,211,2400,2021-02-19
637,22,1,14870,0,0,2021-02-19
638,22,3,124,199,0,2021-02-19
639,22,4,1328,26,8400,2021-02-19
640,23,1,6082,4,NULL,2021-02-19
641,23,3,7336,6040,NULL,2021-02-19
642,23,4,122,3,NULL,2021-02-19
643,24,1,92337,0,148390,2021-02-19
644,24,3,98778,106842,200070,2021-02-19
645,24,4,17021,5517,72000,2021-02-19
646,24,6,118,25,0,2021-02-19
647,25,6,36970,61882,120900,2021-02-19
648,26,1,156849,18,0,2021-02-19
649,26,3,145488,249320,397800,2021-02-19
650,26,4,51407,4278,157200,2021-02-19
651,27,1,60275,8,0,2021-02-19
652,27,3,110062,18383,107640,2021-02-19
653,27,4,3505,317,42000,2021-02-19
654,28,1,68423,0,0,2021-02-19
655,28,3,43169,40190,201240,2021-02-19
656,28,4,210,0,79200,2021-02-19
657,29,1,36922,14,93600,2021-02-19
658,29,3,53811,48116,118170,2021-02-19
659,29,4,6827,2653,0,2021-02-19
660,30,1,7519,0,16800,2021-02-19
661,30,3,19648,935,22230,2021-02-19
662,30,4,304,1,8400,2021-02-19
663,31,1,20503,0,40800,2021-02-19
664,31,3,13260,37918,56160,2021-02-19
665,31,4,4195,159,22800,2021-02-19
666,0,1,51352,2,67200,2021-02-26
667,0,3,87735,12503,88920,2021-02-26
668,0,4,7414,1303,0,2021-02-26
669,1,1,63125,0,124800,2021-02-26
670,1,3,63120,21252,114660,2021-02-26
671,1,4,8923,9177,0,2021-02-26
672,2,1,46296,6,0,2021-02-26
673,2,3,13948,11592,21060,2021-02-26
674,2,4,3266,1079,0,2021-02-26
675,4,1,10544,0,9600,2021-02-26
676,4,3,3878,5861,8190,2021-02-26
677,4,4,350,0,0,2021-02-26
678,5,1,47741,0,38000,2021-02-26
679,5,3,97169,18690,113490,2021-02-26
680,5,4,12599,4068,8500,2021-02-26
681,6,1,503998,0,650400,2021-02-26
682,6,3,553049,359931,1012050,2021-02-26
683,6,4,46088,21393,0,2021-02-26
684,7,1,47556,0,43320,2021-02-26
685,7,3,55801,16544,80730,2021-02-26
686,7,4,6809,2678,8640,2021-02-26
687,9,1,17637,1,16800,2021-02-26
688,9,3,12914,9442,14040,2021-02-26
689,9,4,2344,450,0,2021-02-26
690,10,1,57981,0,84000,2021-02-26
691,10,3,74051,52462,119340,2021-02-26
692,10,4,19112,0,0,2021-02-26
693,11,1,290440,0,367200,2021-02-26
694,11,3,448077,107374,520650,2021-02-26
695,11,4,26712,19546,NULL,2021-02-26
696,13,1,39147,5,57600,2021-02-26
697,13,3,61195,3168,64350,2021-02-26
698,13,4,7279,67,200,2021-02-26
699,13,6,0,0,NULL,2021-02-26
700,14,1,462868,21,504000,2021-02-26
701,14,3,426923,306575,756990,2021-02-26
702,14,4,39051,22888,0,2021-02-26
703,14,6,0,0,NULL,2021-02-26
704,15,1,21235,50,31200,2021-02-26
705,15,3,17793,3307,23400,2021-02-26
706,15,4,7384,279,NULL,2021-02-26
707,15,6,403,7,NULL,2021-02-26
708,16,1,16542,61,105600,2021-02-26
709,16,2,201631,1900,0,2021-02-26
710,16,3,72239,34534,114660,2021-02-26
711,16,4,25410,10824,0,2021-02-26
712,16,5,1018,2374,100000,2021-02-26
713,17,1,27348,35,36000,2021-02-26
714,17,3,41383,7538,57330,2021-02-26
715,17,4,6446,0,0,2021-02-26
716,17,6,0,0,NULL,2021-02-26
717,18,1,2991,0,3700,2021-02-26
718,18,3,5239,48,3510,2021-02-26
719,19,1,354554,312,0,2021-02-26
720,19,3,445022,239116,0,2021-02-26
721,19,4,52043,9720,0,2021-02-26
722,20,1,15160,0,15160,2021-02-26
723,20,3,22873,10991,33864,2021-02-26
724,20,4,7133,1604,8737,2021-02-26
725,21,1,1375,0,2400,2021-02-26
726,21,3,4064,2806,7140,2021-02-26
727,21,4,55,619,0,2021-02-26
728,22,1,14490,5,14400,2021-02-26
729,22,3,1651,436,1170,2021-02-26
730,22,4,2379,536,0,2021-02-26
731,23,1,5152,5,NULL,2021-02-26
732,23,3,3717,3892,NULL,2021-02-26
733,23,4,32,17,NULL,2021-02-26
734,24,1,71749,0,216480,2021-02-26
735,24,3,120205,71773,208260,2021-02-26
736,24,4,10301,7702,0,2021-02-26
737,24,6,75,26,0,2021-02-26
738,25,6,59190,46418,113640,2021-02-26
739,26,1,182405,23,232800,2021-02-26
740,26,3,137917,236472,380250,2021-02-26
741,26,4,63172,5017,0,2021-02-26
742,27,1,38881,4,81600,2021-02-26
743,27,3,76571,25187,113490,2021-02-26
744,27,4,20961,5724,0,2021-02-26
745,28,1,56339,0,208000,2021-02-26
746,28,3,205423,4665,214110,2021-02-26
747,28,4,450,31067,0,2021-02-26
748,29,1,65192,26,86400,2021-02-26
749,29,3,70876,33172,126360,2021-02-26
750,29,4,9272,3758,58800,2021-02-26
751,30,1,10645,1,21600,2021-02-26
752,30,3,7796,11081,19890,2021-02-26
753,30,4,3756,410,0,2021-02-26
754,31,1,40342,0,60000,2021-02-26
755,31,3,8904,44588,51480,2021-02-26
756,31,4,586,1555,0,2021-02-26
757,0,1,73450,19,146400,2021-03-05
758,0,3,132442,25504,190710,2021-03-05
759,0,4,10506,3571,49200,2021-03-05
760,1,1,77355,6,60000,2021-03-05
761,1,3,57080,33436,117000,2021-03-05
762,1,4,6318,9301,63600,2021-03-05
763,2,1,30263,14,108000,2021-03-05
764,2,3,10079,7724,21060,2021-03-05
765,2,4,1545,623,0,2021-03-05
766,4,1,12042,0,21600,2021-03-05
767,4,3,5464,4035,10530,2021-03-05
768,4,4,2893,0,0,2021-03-05
769,5,1,56186,2,37800,2021-03-05
770,5,3,141043,29493,222300,2021-03-05
771,5,4,17885,7058,51100,2021-03-05
772,6,1,731505,220,960000,2021-03-05
773,6,3,569659,371666,1076400,2021-03-05
774,6,4,55641,19843,0,2021-03-05
775,7,1,17564,583,63840,2021-03-05
776,7,3,23877,48743,85410,2021-03-05
777,7,4,4974,5808,14580,2021-03-05
778,9,1,24158,7,33600,2021-03-05
779,9,3,17079,7981,14040,2021-03-05
780,9,4,3481,730,7200,2021-03-05
781,10,1,51797,0,172800,2021-03-05
782,10,3,88879,40765,125190,2021-03-05
783,10,4,10645,1,0,2021-03-05
784,11,1,293701,8,530700,2021-03-05
785,11,3,290548,267349,540540,2021-03-05
786,11,4,15611,40149,NULL,2021-03-05
787,13,1,43273,8,31200,2021-03-05
788,13,3,66720,633,133380,2021-03-05
789,13,4,10364,187,NULL,2021-03-05
790,13,6,0,0,NULL,2021-03-05
791,14,1,635185,42,1063200,2021-03-05
792,14,3,549131,236176,795600,2021-03-05
793,14,4,48135,46189,0,2021-03-05
794,14,6,0,0,NULL,2021-03-05
795,15,1,28789,119,64800,2021-03-05
796,15,3,12867,6727,23400,2021-03-05
797,15,4,3814,2076,24000,2021-03-05
798,15,6,277,140,NULL,2021-03-05
799,16,1,116348,19271,55200,2021-03-05
800,16,2,121374,884,0,2021-03-05
801,16,3,67558,52045,120510,2021-03-05
802,16,4,14561,525,0,2021-03-05
803,16,5,16380,15896,0,2021-03-05
804,17,1,32285,7,84000,2021-03-05
805,17,3,39139,11389,60840,2021-03-05
806,17,4,3739,9,0,2021-03-05
807,18,1,1250,0,1300,2021-03-05
808,18,3,3703,171,4680,2021-03-05
809,19,1,399768,449,NULL,2021-03-05
810,19,3,438992,328690,NULL,2021-03-05
811,19,4,55783,16789,NULL,2021-03-05
812,20,1,22051,4,22055,2021-03-05
813,20,3,19746,12649,32395,2021-03-05
814,20,4,1301,587,1888,2021-03-05
815,21,1,1273,4,12000,2021-03-05
816,21,3,9298,1149,7020,2021-03-05
817,21,4,321,300,3600,2021-03-05
818,22,1,12707,23,31200,2021-03-05
819,22,3,973,33,1170,2021-03-05
820,22,4,1190,57,0,2021-03-05
821,23,1,3169,7,NULL,2021-03-05
822,23,3,7468,4882,NULL,2021-03-05
823,23,4,6,6,NULL,2021-03-05
824,24,1,82899,35,95040,2021-03-05
825,24,3,84723,78196,218790,2021-03-05
826,24,4,18763,5500,0,2021-03-05
827,24,6,53,7,0,2021-03-05
828,25,6,51616,46090,123150,2021-03-05
829,26,1,116273,113,487200,2021-03-05
830,26,3,212111,158241,387270,2021-03-05
831,26,4,31470,12064,0,2021-03-05
832,27,1,50499,6,163200,2021-03-05
833,27,3,49938,54542,119340,2021-03-05
834,27,4,2380,1464,0,2021-03-05
835,28,1,44106,0,103200,2021-03-05
836,28,3,227599,34918,224640,2021-03-05
837,28,4,760,26029,106800,2021-03-05
838,29,1,67377,75,128800,2021-03-05
839,29,3,89662,28229,132210,2021-03-05
840,29,4,13146,9336,0,2021-03-05
841,30,1,26510,18,14400,2021-03-05
842,30,3,2796,18386,19890,2021-03-05
843,30,4,422,2425,12000,2021-03-05
844,31,1,39707,0,0,2021-03-05
845,31,3,24541,32966,150930,2021-03-05
846,31,4,419,3925,30000,2021-03-05
847,0,1,68379,32,19200,2021-03-12
848,0,3,84154,39831,93600,2021-03-12
849,0,4,25748,3589,49200,2021-03-12
850,1,1,137115,131,NULL,2021-03-12
851,1,3,41024,47167,NULL,2021-03-12
852,1,4,19781,763,NULL,2021-03-12
853,2,1,4820,0,16800,2021-03-12
854,2,3,11006,10267,21060,2021-03-12
855,2,4,1393,2540,33600,2021-03-12
856,4,1,890,0,9600,2021-03-12
857,4,3,2553,4223,10530,2021-03-12
858,4,4,0,109,0,2021-03-12
859,5,1,44826,147,32300,2021-03-12
860,5,3,119151,50804,124020,2021-03-12
861,5,4,29285,7299,7700,2021-03-12
862,6,1,217779,145,364800,2021-03-12
863,6,3,658566,421593,1076400,2021-03-12
864,6,4,69874,22738,432000,2021-03-12
865,7,1,67,0,0,2021-03-12
866,7,3,39095,56038,87750,2021-03-12
867,7,4,11102,1206,0,2021-03-12
868,9,1,15730,3,2400,2021-03-12
869,9,3,14981,4084,14040,2021-03-12
870,9,4,2534,264,0,2021-03-12
871,10,1,37474,0,24000,2021-03-12
872,10,3,61522,37664,125190,2021-03-12
873,10,4,176,14155,0,2021-03-12
874,11,1,34321,25,226900,2021-03-12
875,11,3,144135,391801,539370,2021-03-12
876,11,4,54913,21475,262800,2021-03-12
877,13,1,42967,80,14400,2021-03-12
878,13,3,76987,996,NULL,2021-03-12
879,13,4,3349,3,31200,2021-03-12
880,13,6,0,0,NULL,2021-03-12
881,14,1,186493,48,146800,2021-03-12
882,14,3,689636,160562,795600,2021-03-12
883,14,4,129957,22570,0,2021-03-12
884,14,6,0,0,NULL,2021-03-12
885,15,1,17686,160,7200,2021-03-12
886,15,3,17392,7397,23400,2021-03-12
887,15,4,9460,3257,NULL,2021-03-12
888,15,6,359,173,NULL,2021-03-12
889,16,1,36286,22135,0,2021-03-12
890,16,2,12194,202,0,2021-03-12
891,16,3,109267,53076,120510,2021-03-12
892,16,4,1332,3289,0,2021-03-12
893,16,5,86580,1175,250280,2021-03-12
894,17,1,3189,13,9600,2021-03-12
895,17,3,37122,18026,59670,2021-03-12
896,17,4,689,1239,27600,2021-03-12
897,18,1,0,0,1800,2021-03-12
898,18,3,3758,1239,4680,2021-03-12
899,18,4,6,936,1200,2021-03-12
900,19,1,151958,181,NULL,2021-03-12
901,19,3,407764,449810,NULL,2021-03-12
902,19,4,47301,29611,NULL,2021-03-12
903,20,1,8871,9,8880,2021-03-12
904,20,3,5413,12260,17673,2021-03-12
905,20,4,209,206,415,2021-03-12
906,21,1,1017,2,2400,2021-03-12
907,21,3,10342,2286,7020,2021-03-12
908,21,4,1543,11,0,2021-03-12
909,22,1,4217,3,2400,2021-03-12
910,22,3,48,126,1170,2021-03-12
911,22,4,276,709,16800,2021-03-12
912,23,1,6340,0,NULL,2021-03-12
913,23,3,6025,5559,NULL,2021-03-12
914,23,4,1337,173,NULL,2021-03-12
915,24,1,0,0,44880,2021-03-12
916,24,3,80139,112017,218790,2021-03-12
917,24,4,14376,750,96000,2021-03-12
918,24,6,69,55,0,2021-03-12
919,25,6,56525,4962,73950,2021-03-12
920,26,1,57602,54,64800,2021-03-12
921,26,3,235148,144896,387270,2021-03-12
922,26,4,16516,28979,210000,2021-03-12
923,27,1,22688,2,24000,2021-03-12
924,27,3,39296,98902,119340,2021-03-12
925,27,4,17373,8777,57600,2021-03-12
926,28,1,51386,0,43200,2021-03-12
927,28,3,218623,42625,224640,2021-03-12
928,28,4,29225,19120,0,2021-03-12
929,29,1,11038,13,52800,2021-03-12
930,29,3,81202,39295,132210,2021-03-12
931,29,4,14973,10533,54000,2021-03-12
932,30,1,3256,62,4800,2021-03-12
933,30,3,1993,18992,19890,2021-03-12
934,30,4,5125,495,0,2021-03-12
935,31,1,35828,65,0,2021-03-12
936,31,3,59233,12671,0,2021-03-12
937,31,4,1181,8769,0,2021-03-12
938,0,1,8211,1,0,2021-03-19
939,0,3,2239,1825,0,2021-03-19
940,0,4,1813,7,0,2021-03-19
941,1,1,9820,2,NULL,2021-03-19
942,1,3,3416,1354,NULL,2021-03-19
943,1,4,1026,94,NULL,2021-03-19
944,2,1,0,0,0,2021-03-19
945,2,3,0,0,30420,2021-03-19
946,2,4,0,0,0,2021-03-19
947,2,6,22055,15436,0,2021-03-19
948,13,1,38,0,NULL,2021-03-19
949,13,3,7659,57,NULL,2021-03-19
950,13,4,365,0,NULL,2021-03-19
951,15,1,2409,46,NULL,2021-03-19
952,15,3,575,506,32760,2021-03-19
953,15,4,777,189,NULL,2021-03-19
954,15,6,23,29,NULL,2021-03-19
955,17,1,5144,0,NULL,2021-03-19
956,17,3,1968,1844,NULL,2021-03-19
957,17,4,84,381,NULL,2021-03-19
958,21,1,740,0,0,2021-03-19
959,21,3,275,252,9360,2021-03-19
960,21,4,10,2,0,2021-03-19
961,26,1,57930,95,0,2021-03-19
962,26,3,35471,7066,507780,2021-03-19
963,26,4,2991,11247,0,2021-03-19
964,31,1,4347,0,0,2021-03-19
965,31,3,11782,2162,0,2021-03-19
966,31,4,1400,872,0,2021-03-19
